{    
    "distortion_coefficients": {
        "k1": 0.04225045401493102,
        "k2": -0.3223063566128724,
        "p1": 0.0016737121293267222,
        "p2": -0.0005312411875675551,
        "k3": 0.0
    },
    "intrinsic_matrix_3x3": [
        [
            2036.0582960323372,
            0.0,
            950.3212708871932
        ],
        [
            0.0,
            2036.0582960323372,
            651.6608609592479
        ],
        [
            0.0,
            0.0,
            1.0
        ]
    ],
    "pitch": 0.014029423868546853,
    "roll": -0.022031699624869495,
    "yaw": 0.0027604557411201975,
    "mounting_height": 2.12,
    "img_size": [
        1920,
        1280
    ],
    "hfov": 50.4
}